id;first_name;last_name;email;address;phone
1;Uriel;Weissnat;Kelton.Schowalter@hotmail.com;Intelligent;(246) 164-8019 x3216
2;Nicolas;Hagenes;Josianne_Durgan@yahoo.com;Industrial;749-389-5793 x05150
3;Victoria;Hane;Gilberto53@hotmail.com;Louisiana Specialist Home Loan Account;(128) 100-9473
4;Cloyd;Greenholt;Adriana70@gmail.com;application quantify Unbranded Plastic Tuna;1-988-643-0033
5;Marcella;Hane;Monte.McLaughlin@yahoo.com;Mississippi embrace Developer;775-272-4057 x41041
6;Collin;Bartell;Lou56@hotmail.com;European Unit of Account 9(E.U.A.-9) Concrete;457-229-0526 x1896
7;Raheem;Grimes;Benedict_Swaniawski@yahoo.com;maroon;(853) 818-3391 x2264
8;Rebeca;Herman;Ellsworth51@hotmail.com;supply-chains magenta;1-232-913-2557
9;Guido;Hettinger;Wanda.Funk25@gmail.com;Buckinghamshire capability zero tolerance;269-540-0239
10;Lorenza;Ferry;Burdette.Lehner@hotmail.com;Dominican Republic Credit Card Account Handmade;227.834.6963
